millis,date,NDVI_min,NDVI_max,NDVI_mean,NDVI_median,NDVI_stdDev,NDCI_min,NDCI_max,NDCI_mean,NDCI_median,NDCI_stdDev
1545658842000,2018-12-24 13:40:42,-0.586489252814739,0.031217116801122477,-0.27798627797164366,-0.2796141730777435,0.08595560243940274,-0.1533742331288343,0.10431654676258992,-0.04127834674118206,-0.04394352467627451,0.025978465781588692
1546090840000,2018-12-29 13:40:40,-0.2537642306279838,-0.18616541353383462,-0.22587295837605278,-0.2286630444887426,0.01452584420388717,-0.03754080522306857,-0.005306603773584893,-0.022225492139536326,-0.02204682542327853,0.00529952610459713
1547386845000,2019-01-13 13:40:45,-0.3762329732268671,0.100969766115231,0.015251124401793449,0.020257206968797892,0.04913931207468509,-0.021276595744680868,0.07729636048526868,0.028922116602465117,0.029204641612020642,0.014446526824195682
1548423047000,2019-01-25 13:30:47,-0.5919540229885057,0.02159200773445048,-0.5122591293365316,-0.5214003700650363,0.0850555325858222,-0.1438217420661715,0.10189027201475338,-0.03064021802714886,-0.031645816765635666,0.020815543642357607
1548682843000,2019-01-28 13:40:43,-0.5650172612197929,0.015711645101663584,-0.43846325975437384,-0.45063063928437047,0.08935626490037551,-0.09750201450443195,0.17015262860373093,-0.03459530512033847,-0.03612334085804092,0.02616369978338814
1549546843000,2019-02-07 13:40:43,-0.6552845528455286,-0.3873684210526316,-0.5970200157171494,-0.6105322535092942,0.05008588363540326,-0.10944206008583691,-0.00858704137392665,-0.059473342086048146,-0.05971800290582487,0.015289531066827004
1549719051000,2019-02-09 13:30:51,-0.4438775510204082,-0.23934426229508193,-0.40229634020287025,-0.4085449663145649,0.030041835070994338,-0.11478420569329664,0.05263157894736842,-0.024790368799739674,-0.026827798732440157,0.013904577408433563
1550151047000,2019-02-14 13:30:47,-0.7446102819237148,-0.5678233438485806,-0.6868693426619805,-0.6919100224976988,0.03295028847891279,-0.14228052472250252,-0.05405405405405403,-0.10106248805525066,-0.1012992786743374,0.011648082947523293
1550583050000,2019-02-19 13:30:50,-0.8010849909584088,-0.5876923076923076,-0.7583831526142191,-0.7628345055753226,0.032165436246724355,-0.1372549019607843,-0.06313645621181266,-0.10314231038475026,-0.1047981059585857,0.012073716167746744
1550842845000,2019-02-22 13:40:45,-0.4803788903924222,-0.3258173618940248,-0.41238638411934264,-0.41465578200977815,0.027574636429003808,-0.0760233918128655,0.009918845807033335,-0.04040654999398299,-0.04072382903561589,0.014677867956830182
1551447049000,2019-03-01 13:30:49,-0.8285714285714285,-0.5734767025089605,-0.763508980430042,-0.7744964378153082,0.04305485929640346,-0.16559691912708605,-0.07784431137724557,-0.1331475909764151,-0.13398340463525787,0.014468302044052757
1552570844000,2019-03-14 13:40:44,-0.6761041902604756,-0.5410885805763073,-0.6365512958014817,-0.6420627272996888,0.02525107142146925,-0.11461318051575936,-0.05598866052445067,-0.08134483567223248,-0.08097386540981658,0.007474343748179287
1552743047848,2019-03-16 13:30:47,-0.5776173285198556,-0.44821264894592117,-0.5430999240781273,-0.5463559333654006,0.017991086040002068,-0.09721362229102162,-0.03242212333121429,-0.05915830711544186,-0.05936323622601756,0.007824247387269662
1553002844000,2019-03-19 13:40:44,-0.08475623889361045,0.04716309762567119,-0.02312559338839039,-0.02371266651734744,0.021870834837409932,0.016614338042909457,0.04755135404079889,0.03460165547489423,0.03518722737232209,0.005564423821542761
1553175050000,2019-03-21 13:30:50,-0.6482758620689656,-0.06805444355484393,-0.6006621082880984,-0.6076913362866442,0.044218296783323535,-0.12283464566929136,-0.0657051282051282,-0.09767770233529686,-0.09879453653471433,0.010604689860893446
1553434847000,2019-03-24 13:40:47,-0.6494117647058825,-0.509009009009009,-0.6147810268776952,-0.6207551566349763,0.02381808881363983,-0.11612903225806448,-0.07200000000000001,-0.09551073660709619,-0.09510460713652494,0.007532658057911953
1553607050000,2019-03-26 13:30:50,-0.648910411622276,-0.5049504950495048,-0.5941158680548291,-0.5922036940659234,0.02730886059204316,-0.1277683134582624,-0.05686125852918872,-0.08958175817604822,-0.08911179850587092,0.009824055057357022
1554298849000,2019-04-03 13:40:49,-0.5474083438685209,-0.39668508287292814,-0.5007110335049285,-0.5073894962900188,0.03080090496162835,-0.06643658326143226,0.0235198702351987,-0.03488496943532586,-0.03686293297691746,0.01664110711100379
1554903055000,2019-04-10 13:30:55,-0.7034795763993947,-0.5113808801213962,-0.6537619822033587,-0.6576363589481986,0.03318164819901537,-0.16302186878727631,-0.08719052744886978,-0.11695531255733843,-0.11746770015168828,0.010342052113578247
1556631058000,2019-04-30 13:30:58,-0.35509138381201044,0.020964360587002115,-0.09119619336889215,-0.05690085660914205,0.08288181841392193,-0.055350553505535104,0.05411163187047295,0.01051941899772581,0.01235888170246704,0.016674739503288214
1558186850000,2019-05-18 13:40:50,-0.6240601503759398,-0.061026352288488135,-0.5736446551729117,-0.5805917077274422,0.04302157238537928,-0.10981818181818183,0.1382913337430854,-0.04636610110151002,-0.04649155662675891,0.01825700297156973
1558791054000,2019-05-25 13:30:54,-0.5957446808510638,-0.0824337585868499,-0.5138187336811428,-0.5333101273190246,0.0923995749656422,-0.10096153846153841,0.06525423728813558,-0.05902336744573212,-0.06290374119358924,0.020260014679442488
1562506851691,2019-07-07 13:40:51,-0.7096424702058506,-0.5413450937155458,-0.6731132976743506,-0.6773786740201134,0.02404687689644344,-0.1426470588235294,-0.08695652173913043,-0.11818902205567472,-0.11903614148274404,0.00987672684121268
1562938855407,2019-07-12 13:40:55,-0.6121076233183858,-0.39303482587064675,-0.5752870788277911,-0.5755781021218055,0.024674660639204593,-0.13677313677313677,-0.0367170626349892,-0.08133051662386007,-0.08125877432123522,0.011756176062546041
1564839055588,2019-08-03 13:30:55,-0.5107296137339057,-0.19318181818181818,-0.4759926919316693,-0.47778172568043226,0.028745111823377818,-0.04391468005018824,0.06093189964157707,-0.019840926286419713,-0.01964837215287604,0.009944251376117933
1565098850800,2019-08-06 13:40:50,-0.5438898450946644,-0.06026200873362448,-0.5082918734342308,-0.512804577893924,0.04431047679599762,-0.05564387917329094,0.046296296296296266,-0.024497516812052797,-0.025624625489169238,0.011147331148546548
1565530853457,2019-08-11 13:40:53,-0.5828759604829856,-0.4592274678111588,-0.5461111700931414,-0.5471293577644019,0.017712925395677107,-0.06610407876230666,-0.015320334261838492,-0.04431514072883205,-0.04528512089525209,0.008541732476411346
1566999055250,2019-08-28 13:30:55,-0.5756906077348066,-0.16775340841730885,-0.5326011269382647,-0.5421580861229981,0.04165057836108306,-0.09182209469153507,0.07555138432660724,-0.03754316583961077,-0.0395545212923866,0.016966787657225653
1567431051357,2019-09-02 13:30:51,-0.5901060070671379,-0.19095477386934678,-0.5399166551277316,-0.5535731411915736,0.046286243500059054,-0.10273327049952874,-0.033128834355828224,-0.07260435368749356,-0.07333437516278586,0.010909276224391222
1568554845644,2019-09-15 13:40:45,-0.5700934579439253,-0.133428981348637,-0.4577072963017112,-0.4599847483760886,0.04788234142619501,-0.06821963394342767,0.14409534127843987,-0.007614740649170423,-0.009407560047640831,0.026338236910387947
1568986845888,2019-09-20 13:40:45,-0.04136520918527837,0.010082903876316345,-0.020108424275049167,-0.020566460347293723,0.008417962724245352,0.00782514840798701,0.029057187017001603,0.017566635466061083,0.01776955096527532,0.0032146581498773905
1569159051482,2019-09-22 13:30:51,-0.5399802566633761,-0.2087912087912088,-0.5121460704928412,-0.5147186272683472,0.026774797788198336,-0.06469002695417787,0.06911142454160792,-0.039054552994278756,-0.03945485311902269,0.010520635711783204
1569418847462,2019-09-25 13:40:47,-0.5517241379310345,-0.46961325966850825,-0.5243909353438206,-0.526094507982788,0.01397048544891654,-0.07765023632680627,-0.013879709187045636,-0.046949407143157214,-0.04612130464150749,0.008213265074124761
1569591051272,2019-09-27 13:30:51,-0.4408233276157804,0.148447789275635,-0.28137316286126834,-0.3801802760088108,0.17113550869513788,-0.04967197750702904,0.09440559440559439,-0.003263768946534292,-0.014327130632221635,0.027621014064200543
1569850847080,2019-09-30 13:40:47,-0.524607329842932,-0.40647857889237193,-0.48254923647664816,-0.48985059415387283,0.02603477101196451,-0.082670906200318,0.01579778830963672,-0.033438839987966824,-0.03584998835931613,0.012272818057114736
1570455052061,2019-10-07 13:30:52,-0.5059194948697711,-0.36986301369863017,-0.47422633486143695,-0.4780420697668755,0.01904560320453439,-0.030739673390970234,0.08970976253298153,-0.0052767547339718,-0.006588787344935625,0.009772952449205148
1570887053996,2019-10-12 13:30:53,-0.5555555555555556,-0.4547244094488189,-0.5243173644066758,-0.5285313376987839,0.016442449391771946,-0.06305170239596465,-0.011316259678379983,-0.0341707197103447,-0.033752067997056594,0.007011889146462186
1572010849919,2019-10-25 13:40:49,-0.0800670016750419,0.10280373831775699,0.027644341384234168,0.033794253332202547,0.03880535326541287,-0.001404275237946656,0.09253139458030403,0.03922971968110772,0.03687361236053867,0.01609087469097918
1573047051073,2019-11-06 13:30:51,-0.4011976047904191,-0.10714285714285711,-0.3396716579632599,-0.3430285333193357,0.038108803012892684,-0.03384615384615382,0.03964098728496633,0.008101092831042218,0.008569756649257005,0.008885068722034796
1573911049528,2019-11-16 13:30:49,-0.5336032388663967,0.3055885850178359,-0.027878729134377642,0.0556268370221211,0.20312486235468433,-0.11888111888111888,0.13368630046326932,0.002796307664727444,0.005071854611844601,0.04600473727279407
1574170844418,2019-11-19 13:40:44,-0.2050274941084054,-0.10199203187250995,-0.15319323745314595,-0.15317637914124227,0.013656028116572015,-0.03571428571428569,0.01744782757440983,-0.014060305904107657,-0.014226624248237283,0.007738860134513937
1574343052016,2019-11-21 13:30:52,-0.5353535353535355,-0.27744510978043907,-0.4905684120410773,-0.4972019201665516,0.033353344431793164,-0.11178247734138978,0.02857142857142857,-0.02347067356810813,-0.02301092304729477,0.012156478052184979
1575034842037,2019-11-29 13:40:42,-0.5911330049261083,-0.3393889347646573,-0.5244277835162229,-0.5321964802951459,0.034996971431132465,-0.11807228915662653,-0.015590200445434334,-0.06061871467131328,-0.06142990876625563,0.013116077096302114
1575207049946,2019-12-01 13:30:49,-0.46332737030411447,0.12932208004356108,-0.3534318257927359,-0.39984639750337675,0.11858183272919366,-0.10962962962962967,0.07510729613733912,-0.027233223166659038,-0.0317931068625913,0.021487878342501963
1575466844674,2019-12-04 13:40:44,-0.3950617283950617,-0.0566914498141264,-0.1696074908330716,-0.1629745627608244,0.05396862729607895,-0.06505295007564293,0.02306878306878305,-0.012406647857064175,-0.010931840128484778,0.015280407287221123
1575639045160,2019-12-06 13:30:45,-0.6910828025477708,-0.46990740740740733,-0.6250724750208573,-0.6373176259331951,0.04741566373455413,-0.09902912621359224,-0.013645224171540014,-0.06955624514340242,-0.07115068164254643,0.014249990924237288
1575898840842,2019-12-09 13:40:40,-0.4848484848484849,-0.08275426405559065,-0.15503886932381175,-0.12973355579640525,0.07208882625897599,-0.07003891050583655,0.05424200278164117,-0.006301370823686189,-0.00594421582075901,0.016015696678253324
1576071047252,2019-12-11 13:30:47,-0.5122699386503067,-0.1496062992125985,-0.4622483447272477,-0.4640332905895609,0.03267965841306611,-0.1297709923664122,0.06701940035273371,-0.023040211917004044,-0.021985750797275782,0.016138241853790952
1576762841487,2019-12-19 13:40:41,-0.31175468483816005,-0.07673803223478466,-0.14931873671978985,-0.149737395411771,0.0341072740743959,-0.07458563535911605,0.020567560531111664,-0.011791255860585026,-0.012079750184832086,0.01355139003569266
1577194840970,2019-12-24 13:40:40,-0.44047619047619047,-0.04642108415693325,-0.09433297008993956,-0.08876385607031437,0.03959880644904387,-0.05128205128205128,0.0432918988426918,-0.002896044731761397,-0.0021524447402848086,0.010345018657333362
1577367046223,2019-12-26 13:30:46,-0.4318555008210181,-0.06826434277414674,-0.3681311618534866,-0.3700783900592066,0.0377988766978889,-0.019189765458422207,0.10780669144981411,0.031693549231263995,0.02975250566242041,0.01615229567657797
1578231046032,2020-01-05 13:30:46,-0.7593360995850622,-0.09059682267067408,-0.6727231631315468,-0.6776962408722115,0.060196694594556774,-0.11744583808437853,0.10204081632653061,-0.07166993277024755,-0.07082594871700319,0.017326947337504586
1578490841381,2020-01-08 13:40:41,-0.06686478454680533,0.062079873467773786,-0.004465622472132854,-0.003560894686629116,0.021565207689123178,-0.012625445127873145,0.04763843648208469,0.01902803343865543,0.019181466385035994,0.008173416865388852
1578663045489,2020-01-10 13:30:45,-0.8224543080939948,-0.5135135135135135,-0.705249502346872,-0.7081325846414762,0.04686340344708274,-0.01763907734056982,0.11358024691358024,0.024233911126396664,0.024039183805851735,0.014922478045494
1579354840469,2020-01-18 13:40:40,-0.2772925764192139,-0.07183908045977011,-0.15861068198331027,-0.14294889274626993,0.056454331285866424,-0.05520361990950227,0.03945371775417295,-0.011968488179322168,-0.010878004113607018,0.011926242109456885
1579527044792,2020-01-20 13:30:44,0.006760270410816481,0.1953277092796885,0.08572920772941019,0.08265243812884271,0.03714657395724856,0.027819929185634824,0.11777777777777775,0.06313759941656623,0.0612205607787301,0.016277880612116956
1579959044062,2020-01-25 13:30:44,-0.5031055900621119,-0.04131455399061027,-0.3900727130771062,-0.4287691854053781,0.09970480053859454,-0.054131054131054186,0.027722772277227692,-0.027026089443698373,-0.030085820692471166,0.01531333198423128
1580650838659,2020-02-02 13:40:38,-0.42410714285714285,-0.08005822416302762,-0.2667094648249799,-0.2625379166329843,0.03457140606381844,-0.04974489795918369,0.1295143212951432,-0.0097363632807214,-0.011105843009287233,0.01907486226605533
1581082840856,2020-02-07 13:40:40,-0.4227941176470589,0.16024426194988417,-0.1971112950241862,-0.24351945801209712,0.15714710963385478,-0.03260288615713519,0.1404199475065617,0.02658055179269764,0.021883218431434273,0.029940165509714862
1581514839570,2020-02-12 13:40:39,-0.4982164090368608,-0.3128205128205129,-0.4186798566956567,-0.4303469111253121,0.04392729121488354,-0.1002260738507913,-0.026438569206842927,-0.05551835458785558,-0.05586624761888931,0.011664297836876034
1582378841183,2020-02-22 13:40:41,-0.0199579831932773,0.1405591727307545,0.07667846799031033,0.08248581676419565,0.028142246436860134,-0.041763341067285374,0.050656660412757945,0.021427972488633023,0.024169792886505916,0.01596530682099671
1582551047984,2020-02-24 13:30:47,-0.7230769230769231,-0.4652777777777778,-0.6558747936477658,-0.6651679669719806,0.04805326515821903,-0.14327062228654125,-0.04665825977301389,-0.10225535635683636,-0.10185220625888192,0.01487412239353749
1582810843778,2020-02-27 13:40:43,-0.5241935483870969,-0.284072249589491,-0.45941844777961427,-0.4658869395711501,0.04393677225353171,-0.19186046511627908,0.013297872340425542,-0.0572101980996778,-0.058057721825018435,0.021799784573421393
1582983046499,2020-02-29 13:30:46,-0.6658476658476659,-0.4272727272727273,-0.592130259807771,-0.6,0.04332579981061462,-0.1299826689774697,0.035294117647058844,-0.042209570263158754,-0.04333333333333336,0.028652078249672794
1583242842243,2020-03-03 13:40:42,-0.47763864042933807,-0.3014230271668823,-0.425313403771329,-0.43619709650498045,0.03802002588027409,-0.19166666666666665,-0.01187648456057,-0.0600039154919296,-0.061105773573998795,0.01625407505463956
1583415048789,2020-03-05 13:30:48,-0.6317567567567568,-0.40579710144927533,-0.5677037595159231,-0.5737459655198482,0.03466603788959649,-0.1447084233261339,0.0038684719535783127,-0.0748202720792904,-0.07675973579846633,0.014903848889379238
1583674844445,2020-03-08 13:40:44,-0.5333333333333333,-0.2407407407407408,-0.45129846564465426,-0.465664854699825,0.051826648246907726,-0.16291390728476818,0.0037082818294190563,-0.04936161182000955,-0.050265864069350144,0.015137977512661252
1583847047231,2020-03-10 13:30:47,-0.4502529510961214,-0.3363774733637747,-0.3998108145650157,-0.399136481665819,0.02007252976456528,-0.04035087719298245,0.07347447073474464,0.021343449985772547,0.020706455542021926,0.019157570040768276
1584106842831,2020-03-13 13:40:42,-0.4962292609351434,-0.3286875725900116,-0.4558827247901261,-0.45861261927156344,0.028452567407564733,-0.08466819221967967,0.002237136465324371,-0.05154620615410259,-0.05199236650302622,0.014111860037953663
1584970842893,2020-03-23 13:40:42,-0.5946843853820597,-0.40298507462686567,-0.5468099722973768,-0.551548568677773,0.029911817011511736,-0.1708542713567839,-0.0011376564277588493,-0.07007155911925861,-0.07172113494490816,0.015882658602629343
1585143048934,2020-03-25 13:30:48,-0.7119341563786009,-0.3858823529411764,-0.6407174650887888,-0.6513726719573295,0.04312816714695284,-0.1545827633378933,0.038341968911917115,-0.09993159719601383,-0.10211428405037286,0.01690021769345878
1585402844276,2020-03-28 13:40:44,-0.22502030869212028,0.287375415282392,0.016682036161579608,0.02229349973678681,0.10619665720553068,-0.09250398724082932,0.14648977335544497,0.023192452369222075,0.022729698460067206,0.045525000188201596
1585575047126,2020-03-30 13:30:47,-0.7333333333333333,-0.14377510040160643,-0.6719865658590527,-0.6816828727552167,0.07890579152702851,-0.2839931153184165,0.16858789625360232,-0.07295033494041323,-0.07519599154469012,0.03874161095367846
1586007042167,2020-04-04 13:30:42,-0.4722955145118733,-0.1432343234323433,-0.42869219979054524,-0.4347212299381878,0.03805052511834936,-0.17137096774193547,0.0826057756883815,-0.08317006837138861,-0.08292270831894383,0.01983052274162251
1586007049169,2020-04-04 13:30:49,-0.4703557312252965,-0.14118412491867272,-0.4281386651930037,-0.4346265224181813,0.03829560462175486,-0.1725529767911201,0.08813783962889335,-0.0834019661005467,-0.08300317101905487,0.02003484437625959
1586266843411,2020-04-07 13:40:43,-0.6678700361010831,-0.1457765667574932,-0.5937460568155556,-0.6035834566811127,0.06335415863500025,-0.2524271844660194,0.052407932011331475,-0.14589384991202722,-0.14732909459835064,0.027747933804011114
1586698845401,2020-04-12 13:40:45,-0.7255717255717256,-0.4806629834254143,-0.6588917227469259,-0.6608745526966654,0.035381734521234644,-0.13233287858117326,-0.035110533159948,-0.09198080795507013,-0.09246239476366765,0.015825244897997793
1587303051707,2020-04-19 13:30:51,-0.7462437395659431,-0.5583203732503887,-0.6955502366496212,-0.6969687274387736,0.026987612790932307,-0.15541264737406213,-0.08842105263157893,-0.12713620732685466,-0.12682055712208312,0.010218882974926095
1588426849870,2020-05-02 13:40:49,-0.6226993865030674,-0.12632594021215043,-0.5561494130001178,-0.5633747214725052,0.05669890656229702,-0.1605691056910569,-0.041707080504364745,-0.09632433088531302,-0.09743807681702575,0.015896232045385233
1588599048235,2020-05-04 13:30:48,-0.6678082191780822,-0.4953560371517028,-0.6165616496637227,-0.6204834030735583,0.028900223201183173,-0.1254237288135593,-0.0451045104510451,-0.09201287499458996,-0.09159959664921406,0.013621006836026614
1588858844413,2020-05-07 13:40:44,-0.6994633273703039,-0.48553054662379425,-0.6438904643606038,-0.6479781349266932,0.03310524145469369,-0.1720818291215403,-0.09318181818181816,-0.13391572989833458,-0.1330318499127909,0.013184485570696122
1589031055490,2020-05-09 13:30:55,-0.7137476459510357,-0.5559380378657487,-0.6651317632120373,-0.6685082872928176,0.032558030046919276,-0.17268041237113396,-0.07657142857142854,-0.1317570186802959,-0.132140429071937,0.014409154199186916
1589463050300,2020-05-14 13:30:50,-0.6418604651162791,-0.4563492063492064,-0.5716288376477396,-0.5757358045633444,0.02884170429356394,-0.12654320987654322,0.004184100418410064,-0.044289689950313044,-0.044456578444267446,0.014762368188122734
1589722846310,2020-05-17 13:40:46,-0.7866004962779157,-0.5009596928982725,-0.7030694685765156,-0.7059961469693966,0.04384289296397735,-0.2062992125984252,-0.06128550074738413,-0.12969569240106246,-0.1304143137273057,0.01861375754141569
1589895056610,2020-05-19 13:30:56,-0.7575757575757575,-0.484787018255578,-0.6809895410530002,-0.6886415282607184,0.039660969648965226,-0.15301391035548684,-0.014836795252225532,-0.0809931547165361,-0.08243804376972196,0.02361206073214837
1590586847746,2020-05-27 13:40:47,-0.769980506822612,-0.5563258232235703,-0.7104900168547515,-0.7137440519831515,0.03977368048979025,-0.17601043024771834,-0.08040770101925249,-0.13239571260727348,-0.13178294573643404,0.014326839692627644
1590759057267,2020-05-29 13:30:57,-0.7283018867924529,-0.5678391959798995,-0.6694675050844177,-0.6712772933621469,0.02626338540457848,-0.18367346938775514,-0.08,-0.12846098301289738,-0.12816682084631026,0.016744240612544793
1591018852834,2020-06-01 13:40:52,-0.6383495145631068,-0.005902192242833045,-0.536514979504245,-0.5683111219242306,0.10875067156070169,-0.12558869701726844,0.023809523809523808,-0.08896093419206128,-0.09336201156751985,0.02416071948215923
1591623057448,2020-06-08 13:30:57,-0.04468560485157999,0.0055389859394972115,-0.01785580631631305,-0.017708419966896174,0.007654773407950384,-0.005102784662487248,0.027984189723320146,0.013799067367352699,0.014077996703669934,0.004690442253720561
1592314849065,2020-06-16 13:40:49,-0.6595744680851064,-0.3257287705956907,-0.5820130938259712,-0.5887516719196052,0.042217185181703386,-0.1287958115183246,-0.04703476482617587,-0.08326100172152272,-0.08234061632888622,0.015158613287572717
1592746852448,2020-06-21 13:40:52,-0.6613756613756614,-0.38195302843016077,-0.6084917121716339,-0.6099211231900723,0.03779141949992587,-0.10782608695652174,-0.023121387283236986,-0.07128590761326419,-0.0729703264816796,0.017132571644788645
1593351056415,2020-06-28 13:30:56,-0.585427135678392,-0.3300370828182942,-0.5285706239657544,-0.5297803736658883,0.03427921125101415,-0.11623779946761308,-0.03442340791738379,-0.08363721358855344,-0.08422433943767049,0.01363368081534813
1593783053307,2020-07-03 13:30:53,-0.4390804597701149,-0.36797000535618646,-0.41381675614840874,-0.41676630001897497,0.01380788585564334,-0.021326095385808472,0.020885547201336636,0.0008062692530559515,0.00039348887663629166,0.006803562928079161
1594647052594,2020-07-13 13:30:52,-0.4873892297205181,-0.36329588014981273,-0.4594452403040436,-0.4640105959676212,0.0204132160197991,-0.0853582554517134,0.01694915254237285,-0.01376053212447838,-0.0144395821050554,0.009072870139116129
1595079056113,2020-07-18 13:30:56,-0.555023923444976,-0.0807749627421759,-0.5097005340462927,-0.5205062472657374,0.05225008668086883,-0.0667454223272298,0.0825,-0.03831598763898689,-0.04142136253180992,0.01842986417098
1595770849006,2020-07-26 13:40:49,-0.7005649717514125,-0.16108108108108113,-0.6368788671815782,-0.6503787631520542,0.06846130842475709,-0.14492753623188404,0.07731958762886598,-0.08843747171498272,-0.09517381964103451,0.027326530164894385
1596202852424,2020-07-31 13:40:52,-0.6421663442940039,-0.2943871706758305,-0.5866463989502162,-0.5906046949377507,0.03274918548627503,-0.1213559322033899,0.02982731554160124,-0.06941372097513528,-0.06989010314311515,0.013340584348081807
1596634849822,2020-08-05 13:40:49,-0.5672215108834828,-0.03042008691453404,-0.5107709660125906,-0.517346081055462,0.04537076418679345,-0.07338638373121133,0.07620941020543413,-0.038136835027640266,-0.04047711256823526,0.01714087007089991
1597066852580,2020-08-10 13:40:52,-0.561470215462611,0.03702163061564062,-0.4288333045979767,-0.48237351580146454,0.13882891919422183,-0.18651685393258424,0.16883116883116886,-0.04209581631112422,-0.051779965200074114,0.044887245750994974
1597671056940,2020-08-17 13:30:56,-0.5825946817082998,-0.44960560911481157,-0.5406625106915683,-0.5521068368230381,0.03147735874274502,-0.09486607142857142,-0.019900497512437776,-0.0598305136359462,-0.06144934669429627,0.016646084255520225
1598103054687,2020-08-22 13:30:54,-0.6226415094339622,-0.5417106652587118,-0.5967852850981951,-0.5974094350530692,0.015513454387127817,-0.09475218658892127,-0.03994490358126722,-0.06970973781178233,-0.07017586050441457,0.00886871367452875
1600695053306,2020-09-21 13:30:53,-0.5768115942028985,-0.3222591362126246,-0.5111189711947509,-0.5423869689629871,0.06625188537981364,-0.08249496981891351,0.02904564315352694,-0.04887473411800852,-0.06035771892604866,0.025033572108213636
1600954849155,2020-09-24 13:40:49,-0.6148908857509627,-0.513126491646778,-0.5829014246953647,-0.5870907451483919,0.020004027530043367,-0.08994708994708996,0.010084033613445375,-0.031345207215007324,-0.03205175362980425,0.01034588029638449
1601386852202,2020-09-29 13:40:52,-0.47443519619500585,0.01416430594900851,-0.38099133816431935,-0.38756863225966665,0.06364133031950595,-0.08171206225680938,0.1340996168582376,-0.019161461366426352,-0.019074374659168274,0.018561658119764013
1601991056970,2020-10-06 13:30:56,-0.4162962962962963,-0.010725010725010734,-0.32457437588252924,-0.33107982713007916,0.05493603102610576,-0.06398730830248545,0.07864302235929062,-0.02023493355862747,-0.020081069660762153,0.016068102412642168
1602423054815,2020-10-11 13:30:54,-0.5175644028103044,-0.36762860727728985,-0.4687305466362463,-0.46934833323951,0.02465214576571285,-0.05505341002465082,0.004255319148936174,-0.022679543406988995,-0.02237147235964144,0.010779886006494582
1602682850327,2020-10-14 13:40:50,-0.44000000000000006,-0.04660045836516425,-0.31943044938744597,-0.3180637549383643,0.05273768689705659,-0.09750000000000002,0.03411371237458198,-0.014850858975558445,-0.014183430903460232,0.01808076052091544
1603114852153,2020-10-19 13:40:52,-0.5631901840490798,-0.28524156187954997,-0.42625272924594215,-0.41631960887539365,0.06664571476469153,-0.06488011283497885,-0.0016420361247947925,-0.03292688621345921,-0.032534012740724656,0.011605265249349517
1605879051685,2020-11-20 13:30:51,-0.19272484565326214,0.18733273862622657,0.015061943000885213,0.01683646097728907,0.049446807381453885,-0.02195204322863899,0.13458845495565586,0.025024357219707524,0.022009377899080265,0.021574368623211968
1606138846930,2020-11-23 13:40:46,-0.3537037037037037,-0.0920821114369501,-0.1596844006136973,-0.16120545522231547,0.03641241874383744,-0.04876915931258707,0.01870078740157479,-0.013997396843616075,-0.01349723003982753,0.00936109033312642
1607607048511,2020-12-10 13:30:48,-0.5245170876671621,-0.39463601532567044,-0.4471501661560683,-0.4419304667830346,0.029316961101496283,-0.06536585365853656,0.04606525911708252,0.007673313968172213,0.006002558439420557,0.017724071361710638
1608039048636,2020-12-15 13:30:48,-0.8,-0.4549653579676675,-0.6502689794581028,-0.6552480778762227,0.06314357198845476,-0.01463414634146344,0.09871244635193137,0.040328852784320954,0.0425826564333692,0.019918356641748895
1608298844746,2020-12-18 13:40:44,-0.49372384937238495,-0.028263795423956992,-0.19385686898572987,-0.12163683993811955,0.15124207760199398,-0.03467406380027733,0.10039113428943935,0.026550303489406603,0.023025121351718976,0.024075363002108954
1608730843428,2020-12-23 13:40:43,-0.3114754098360656,-0.01235521235521228,-0.09112781148110825,-0.07724901107480321,0.05341271242962038,-0.054650741947158896,0.0995607613469985,0.019586696835030417,0.01913935881691852,0.019670559596014103
1609335049251,2020-12-30 13:30:49,-0.5365853658536586,-0.332409972299169,-0.46780017165000815,-0.47108703780672667,0.04125145114888531,0.011375387797311239,0.13489409141583053,0.04451170414630033,0.04229228876306583,0.016963305988588754
1609594845171,2021-01-02 13:40:45,-0.11719106247150021,-0.06427915518824609,-0.09523121083833114,-0.0955835011499922,0.008977008524659798,-0.004448038819247892,0.03850830968788005,0.01545487725992256,0.014997038261037519,0.006819971638320312
1609767051560,2021-01-04 13:30:51,-0.6392156862745099,-0.29395604395604397,-0.5528201985610257,-0.5654074923040618,0.046664055359577974,-0.041564792176039124,0.04385964912280706,-0.0053999546927314965,-0.004738244119599076,0.01248416765009605
1610199050430,2021-01-09 13:30:50,-0.5414847161572052,-0.12972972972972974,-0.44240282043470486,-0.45569318272303055,0.056607312558696755,-0.005376344086021472,0.09090909090909088,0.037947511630679095,0.038817841824874105,0.015203916292056223
1611063050979,2021-01-19 13:30:50,-0.5533661740558292,-0.3519061583577712,-0.5029426549564894,-0.5083366954190053,0.03424110385514399,-0.05185185185185187,0.035242290748898696,-0.006028159465456855,-0.006135166361567165,0.011726706033827384
1611495051731,2021-01-24 13:30:51,-0.7118353344768438,-0.5082417582417583,-0.6519176574265519,-0.6528597466968452,0.03241410509560888,-0.08863025962399283,0.0030456852791877634,-0.039769226511291,-0.03978936672131883,0.016777392818976326
1612618845934,2021-02-06 13:40:45,-0.3816216216216216,-0.2905852417302799,-0.341036501743608,-0.3405028793191325,0.014040827564465378,-0.054148811842617814,-0.016260162601625973,-0.03367666847368314,-0.03424132808388457,0.007021141663545201
1612791050081,2021-02-08 13:30:50,-0.6377502383222116,-0.4681208053691276,-0.6028872383152987,-0.6097511133717104,0.026939430542707487,-0.07320099255583129,-0.03210463733650417,-0.05249821744326642,-0.05211915633936798,0.006634463626973097
1613223049935,2021-02-13 13:30:49,-0.641086186540732,-0.43220338983050843,-0.5931770405687998,-0.5982197603996101,0.028814832554958737,-0.06656225528582621,-0.001481481481481524,-0.03526633588795172,-0.034898840008972205,0.008256393499657703
1613914844562,2021-02-21 13:40:44,-0.49563046192259674,-0.34821428571428564,-0.4193410178825892,-0.41843815028587705,0.02556908690220834,-0.050919377652050894,0.02528735632183906,-0.016506710790658942,-0.016851454331666474,0.011224782488059228
1614346846421,2021-02-26 13:40:46,-0.6011816838995568,-0.026315789473684178,-0.4593347489396895,-0.46746683554355617,0.06629318424979261,-0.11444652908067544,0.146875,-0.03785821916770834,-0.03801919815268254,0.021592237674852247
1615383050394,2021-03-10 13:30:50,-0.5671641791044777,-0.35177865612648224,-0.50808282074057,-0.5120709407226465,0.037166895321325985,-0.07014028056112223,0.02357563850687622,-0.02792574378645756,-0.028439093904604695,0.01378188619978566
1615642845931,2021-03-13 13:40:45,-0.5447870778267254,-0.020255063765941543,-0.44458176062364063,-0.43561442534812045,0.058292305040645864,-0.06107431935246495,0.17310443490701,0.00857795955692519,0.01016850450762497,0.027802707223065336
1616247050281,2021-03-20 13:30:50,-0.6859813084112149,-0.1617391304347826,-0.6276984305301555,-0.6346726312671873,0.05964734302046103,-0.162514827995255,0.09053778080326758,-0.09095658254398602,-0.09102105031023283,0.024411684281408413
1616679049410,2021-03-25 13:30:49,-0.7665995975855131,-0.5181159420289855,-0.7088541953140023,-0.7144717261904763,0.0370742468842243,-0.12182741116751274,-0.04506699147381244,-0.08805334319798325,-0.08967305662224806,0.01297198503966952
1617543047595,2021-04-04 13:30:47,-0.6385542168674698,-0.405607476635514,-0.5751303006283581,-0.5796495196495196,0.03348303135124596,-0.12694300518134718,-0.021978021978022035,-0.06762660490295878,-0.06763526992500249,0.014678252548479305
1617802842424,2021-04-07 13:40:42,-0.6984478935698448,-0.455621301775148,-0.6292643134443832,-0.6334770114942527,0.040753418955201015,-0.16473988439306356,0.012987012987012998,-0.04041446653340135,-0.041534570173551597,0.018279789011418628
1617975048091,2021-04-09 13:30:48,-0.6192307692307693,-0.039999999999999994,-0.5624469679078619,-0.5761187250160331,0.07409894882265435,-0.2262773722627737,0.11162521688837478,-0.04579336951584653,-0.047895356320960175,0.026940646931906436
1618407045199,2021-04-14 13:30:45,-0.6286764705882352,-0.05326876513317192,-0.573821309552783,-0.5837388535936124,0.046211487125332185,-0.14761904761904765,-0.041816009557945,-0.08448592317403221,-0.08573171634587323,0.015263786028202846
1618839046063,2021-04-19 13:30:46,-0.5957120980091885,-0.3531746031746031,-0.5280862188800611,-0.5367281803431814,0.04764349368014776,-0.09647495361781075,-0.0006788866259334886,-0.0605329250295946,-0.061225740368692924,0.013910687612190635
1619098840817,2021-04-22 13:40:40,-0.6224648985959439,-0.38375350140056014,-0.5444131779180299,-0.5493766910525683,0.03562854728256285,-0.10924369747899158,-0.04752475247524751,-0.08396254500697733,-0.08460316558241499,0.011795152898148488
1619530843543,2021-04-27 13:40:43,-0.6553945249597424,-0.470160116448326,-0.608220263304605,-0.6107601671511446,0.028542878408040807,-0.1325301204819277,-0.06329113924050632,-0.09929607179435458,-0.09923884328913946,0.011674476877299425
1619703046808,2021-04-29 13:30:46,-0.6744186046511627,-0.04037267080745342,-0.5780128493639168,-0.587403138514623,0.07432390225193229,-0.12595419847328246,0.12614517265680056,-0.058465719026981035,-0.0593905224695577,0.02879345221227921
1619962843045,2021-05-02 13:40:43,-0.6136012364760431,-0.11240105540897097,-0.5099625402816331,-0.5366616884871411,0.08588057252385788,-0.09636363636363635,0.11714285714285712,-0.040479678779888596,-0.05050885601097827,0.032423817729946354
1620394845420,2021-05-07 13:40:45,-0.6288659793814434,0.05923836389280677,-0.24043350422847587,-0.1923308441276769,0.20281002311188084,-0.15825688073394495,0.044883303411131094,-0.041249617232472106,-0.03007278596886617,0.04379624712512519
1620567049204,2021-05-09 13:30:49,-0.7173913043478262,-0.5390199637023593,-0.6645389723395692,-0.6705157616331878,0.03375616491275425,-0.1326676176890157,-0.02798982188295166,-0.08890084152774065,-0.08908114524119008,0.015209517078198372
1620826845267,2021-05-12 13:40:45,-0.6820925553319919,-0.40202702702702703,-0.6172903536956628,-0.6221169293853477,0.035858434906446544,-0.12827988338192423,-0.028169014084507036,-0.06751023175398166,-0.06716631915443215,0.01761646017064421
1621863051749,2021-05-24 13:30:51,-0.7170111287758347,-0.5294117647058822,-0.6714618033950167,-0.6741770779328596,0.027513099477568127,-0.14723926380368102,-0.06220984215413183,-0.11656120795676177,-0.11747764011284557,0.012378688053797495
1622122847370,2021-05-27 13:40:47,-0.6996587030716723,-0.5705263157894737,-0.662183696353639,-0.6636371494972763,0.020140969359902287,-0.14331465172137708,-0.08408408408408403,-0.10874152900848018,-0.1087989509518588,0.00827514189958706
1622295051822,2021-05-29 13:30:51,-0.5935706084959816,-0.32779097387173395,-0.5094361841692907,-0.5147664053474214,0.04027683927289633,-0.12676056338028166,-0.03139866793529976,-0.08181307818094029,-0.08126671798495923,0.01720628365292333
1622554847464,2021-06-01 13:40:47,-0.5215204024594745,-0.30155733836715426,-0.4982721573772142,-0.5005746534336123,0.019979399058742863,-0.03756425464610521,0.040695652173913105,-0.014844132259773142,-0.014840865139370319,0.0070660953195719745
1622727051951,2021-06-03 13:30:51,-0.5762594893029676,-0.1487255629794605,-0.38462758359565635,-0.38371475931596494,0.11731251617023969,-0.06825469537333949,0.006993006993007031,-0.030396297476145268,-0.031374607154568274,0.015147850777697714
1623591051622,2021-06-13 13:30:51,-0.660069848661234,-0.1356869417269247,-0.6216423312486619,-0.6271586395605855,0.05495765030574271,-0.18875502008032133,0.09958750736593987,-0.0678438971176875,-0.06940386461064865,0.022023606994453798
1623850846867,2021-06-16 13:40:46,-0.5848595848595848,-0.12398921832884097,-0.45444125635482074,-0.4809989142236698,0.0814624939390258,-0.1359223300970874,0.004914004914004884,-0.05852675630209332,-0.057019925793936534,0.019029895607180203
1625319053438,2021-07-03 13:30:53,-0.49897048730267674,-0.381349507202426,-0.4513063185427082,-0.4548326943926483,0.020806114146441953,-0.03562945368171017,0.016838674633351394,-0.015187643965507104,-0.015739115273835202,0.00907850420522266
1625751052855,2021-07-08 13:30:52,-0.5345528455284552,-0.306930693069307,-0.4952526356544753,-0.497584858168508,0.02640061990471994,-0.07617051013277423,0.0654867256637168,-0.019808008330153944,-0.019076405482351635,0.012879012997668922
1626010848502,2021-07-11 13:40:48,-0.35787000783085354,0.06765104715986138,-0.13916553940328338,-0.14941356450790416,0.1259297293089051,-0.02459893048128346,0.0797018348623853,0.02181553296606263,0.022761557911424476,0.019903080917780935
1626442849876,2021-07-16 13:40:49,-0.4749103942652329,-0.2697095435684647,-0.3943957327971135,-0.4158504007123775,0.05530622851098776,-0.09454545454545453,0.021546261089987327,-0.02930312203759087,-0.02967367096809936,0.015684929818953117
1626615053164,2021-07-18 13:30:53,-0.5276073619631902,-0.40503432494279173,-0.485090956182861,-0.4915842223414188,0.028250669363170514,-0.08567314614830818,-0.004983388704318964,-0.05497461907233738,-0.05491207693289301,0.013601348874707146
1626874848656,2021-07-21 13:40:48,-0.6022598870056497,-0.43220338983050843,-0.5608622844847091,-0.5631292905995368,0.023412029140687685,-0.09630818619582662,-0.05132192846034215,-0.07488064294910424,-0.07526721299274174,0.008902484915275677
1627047054552,2021-07-23 13:30:54,-0.5949632738719832,-0.46560319042871384,-0.5597292047077682,-0.5620468888526624,0.02059546070649462,-0.08746355685131194,-0.03888888888888894,-0.06497651068801269,-0.06529589906046758,0.008656384909847858
1627738848273,2021-07-31 13:40:48,-0.7054886211512718,-0.5189542483660131,-0.6500443314463472,-0.6549806919054044,0.029041997371624946,-0.14337899543378993,-0.06678700361010827,-0.11207563250914941,-0.11167337358860335,0.011660263916026132
1628343052193,2021-08-07 13:30:52,-0.6644295302013423,-0.2655889145496536,-0.6080409005495657,-0.6143140342609082,0.04459272217706864,-0.11607142857142855,0.017699115044247784,-0.07125871734169743,-0.07176490282353347,0.017282940656246755
1630071049074,2021-08-27 13:30:49,-0.36938031591737547,0.03197737654992391,-0.056984680218219855,-0.01641827598685403,0.10279536098727812,-0.03638059701492538,0.048342541436464125,0.01106716071887365,0.013040850096228952,0.012613319224471132
1630330843890,2021-08-30 13:40:43,-0.5098039215686275,-0.06486766995329533,-0.4744277462668872,-0.479515896435182,0.04610305393897677,-0.050617283950617264,0.0641509433962264,-0.010852515489697364,-0.011483248467253066,0.011191596886511779
1632663049709,2021-09-26 13:30:49,-0.46826347305389215,-0.34470989761092147,-0.43673105351875374,-0.4405813040090106,0.02034133182032021,-0.0476190476190476,0.006493506493506454,-0.021285294947035033,-0.021893876255646483,0.0080276398500785
1634218845847,2021-10-14 13:40:45,-0.46190028222013174,-0.0774487471526196,-0.3674730693361697,-0.3780231841899845,0.05400037995539261,-0.07317073170731712,0.0971428571428572,-0.026723761375341656,-0.027780613051034377,0.01649298830880591
1634650848097,2021-10-19 13:40:48,-0.12195882719900186,0.19961427193828354,0.012845611058800024,0.018621514565936293,0.04997689544373994,-0.04156784421420546,0.0884439939178915,0.03212741610956307,0.02884929309551062,0.017357850784585564
1634823056479,2021-10-21 13:30:56,-0.5800185013876041,-0.47005444646098,-0.5373223322163286,-0.5414012738853503,0.023304155737274342,-0.08407643312101912,-0.01854304635761596,-0.05477007290666978,-0.05785097978796756,0.012076497564744909
1635082851793,2021-10-24 13:40:51,-0.32025450689289503,-0.2449297971918877,-0.28946919933377724,-0.288760322910647,0.011330275390291432,-0.06906906906906908,-0.020172910662824214,-0.038236161309491694,-0.03846610688429026,0.006386073242941295
1635255052595,2021-10-26 13:30:52,-0.595667870036101,-0.489795918367347,-0.5530302292739807,-0.5549701166058488,0.017476824935062744,-0.09148766905330154,-0.011764705882352951,-0.04450867559657285,-0.04475077886372429,0.009012710271259158
1635514847927,2021-10-29 13:40:47,-0.2943444730077121,-0.18522119591638314,-0.24171790527043302,-0.24163926114640913,0.019227312284845095,-0.03986429177268868,0.006415396952686408,-0.016968967528102407,-0.016972677370754224,0.0069808374983891695
1635687055589,2021-10-31 13:30:55,-0.6041237113402063,-0.4291497975708502,-0.5334233331428242,-0.5347164057995661,0.025461837333697977,-0.10363391655450872,-0.011417058428475534,-0.042446969764177014,-0.04222555195727746,0.009501801232883833
1636378846693,2021-11-08 13:40:46,-0.22495274102079396,0.07783753184262664,-0.16036128091254956,-0.17455917024395443,0.053671467119006395,-0.037128712871287106,0.03198031980319801,-0.008450877315229125,-0.008054759339586036,0.010841996616659681
1636810848216,2021-11-13 13:40:48,-0.46768060836501907,-0.15078569040454695,-0.224058607160129,-0.22565829677457394,0.03841734740231333,-0.06189821182943609,-0.008496923527688209,-0.03010546470232358,-0.029223856296402964,0.009830257015453325
1637415051219,2021-11-20 13:30:51,-0.6037234042553191,-0.46583850931677023,-0.5617581038931707,-0.5639116035096893,0.02424593861479667,-0.08664259927797838,-0.025196850393700797,-0.0594492812057313,-0.059472146565722715,0.008616739656288211
1639143049920,2021-12-10 13:30:49,-0.5620915032679739,-0.3532440782698249,-0.4485708714725819,-0.44882354095728455,0.04195030472887383,-0.0704800817160368,0.017441860465116307,-0.028977243403680297,-0.02905758699272006,0.012110651108865379
1640007052003,2021-12-20 13:30:52,-0.701657458563536,-0.38,-0.6257501105434703,-0.635850603118778,0.05090813177711999,-0.16606929510155322,-0.018382352941176485,-0.0650502870331821,-0.06602263623043966,0.014504606411212442
1640266847861,2021-12-23 13:40:47,-0.026525583417886623,0.18682310469314076,0.05892185790334771,0.05408840541142317,0.03973064772879534,0.0005433798224958648,0.0660678406807706,0.03392172266767261,0.033392024806180795,0.009799597576435197
1640439046498,2021-12-25 13:30:46,-0.6379928315412188,-0.4215116279069767,-0.5867263721706758,-0.5949664109286553,0.03693819692373085,-0.1223021582733813,-0.014689265536723194,-0.07401382329912515,-0.07593835829560892,0.01301211554854219
1640698842313,2021-12-28 13:40:42,-0.5142857142857143,-0.09134233518665603,-0.20510109558043912,-0.17694740529295405,0.09264909460981953,-0.09792284866468842,0.02340597255851487,-0.034348590488868964,-0.03249688431852491,0.019250901834954617
1640871052796,2021-12-30 13:30:52,-0.6601769911504424,-0.4388059701492537,-0.5800155277869457,-0.5795691558538277,0.03236444843570186,-0.07874865156418555,0.0,-0.046637486299151674,-0.0465937977495457,0.011752076951255559
1641994847679,2022-01-12 13:40:47,-0.12521440823327618,-0.054488842760768076,-0.08949956553355688,-0.09067919690234585,0.012783090961224215,0.013913043478260905,0.06849315068493149,0.03625069907320055,0.03477858586305765,0.011559226590769394
1642167046940,2022-01-14 13:30:46,-0.5461741424802111,-0.30578512396694213,-0.4672775489237202,-0.4742012733161604,0.042008555707382746,0.0047543581616480935,0.125904486251809,0.08354417068751467,0.08432873983955183,0.018347268666226175
1642599051220,2022-01-19 13:30:51,-0.9940828402366862,-0.6195372750642673,-0.9908438435744006,-0.9931464035985045,0.03616757524282834,-0.12146422628951749,0.06389776357827476,-0.0022244599355349197,-0.0017571513640432174,0.02446749812815405
1643031045560,2022-01-24 13:30:45,-0.5067961165048543,-0.052855407047387594,-0.42135875821523133,-0.4206580474035901,0.05852699203458632,-0.16174402250351622,0.19894736842105262,0.042612656532221085,0.043977385319010034,0.02552602363793817
1643463051239,2022-01-29 13:30:51,-0.15212689257390047,-0.08804523424878842,-0.13963992156098182,-0.14182051365274773,0.010232244554704659,-0.03351420363868499,0.004301075268817228,-0.021430870735576188,-0.0215863476359712,0.0038747606411601776
1643895045460,2022-02-03 13:30:45,-0.0014409221902017704,0.10512970548078793,0.051243651403995755,0.04889449569108661,0.020349590894981194,0.005839757066106055,0.055176447650614135,0.029229995012292957,0.02869694963810884,0.009067648376165744
1644586845830,2022-02-11 13:40:45,-0.10859374999999996,-0.05891354246365716,-0.08999422330157995,-0.09043443419916797,0.008479742275648057,-0.03054545454545461,0.010014306151645296,-0.005446256550153172,-0.005467647441988284,0.004286759419420693
1645018840203,2022-02-16 13:40:40,-0.11876484560570069,-0.05284068335319827,-0.0984270187341908,-0.10033760704573115,0.010128487229748765,-0.03973509933774835,0.00376222723852521,-0.013135837021984894,-0.012828297152074054,0.005859022234702009
1645191052434,2022-02-18 13:30:52,-0.12150279776179054,-0.07000391083300742,-0.10935151807926466,-0.11120370715619024,0.009245978119006237,-0.0366568914956011,-0.0032810791104629393,-0.017901355704983232,-0.018242533011484603,0.003987137424222038
1645882842525,2022-02-26 13:40:42,-0.08923303834808255,0.010920436817472672,-0.07477403571807244,-0.07650651303985492,0.0095961785342287,-0.05341351255748144,0.09642105263157896,0.0019518143082800068,0.0014908478272486487,0.012427873278472397
1646314850256,2022-03-03 13:40:50,-0.1402013942680093,-0.05178365937859608,-0.1270992559757387,-0.12817284471822485,0.009201150584264352,-0.0319602272727273,0.01250422440013521,-0.020226373148575335,-0.020643514032753264,0.00552701424572419
1646487048426,2022-03-05 13:30:48,-0.1296969696969697,-0.04149377593360999,-0.11763108136957474,-0.1194210595109609,0.010158539386414915,-0.016254416961130714,0.05867742936976093,-0.0008206928787376629,-0.0017942071982195939,0.007323400508009849
1648474843627,2022-03-28 13:40:43,-0.2375348405078972,-0.19049089225069468,-0.22684266185006044,-0.22743223162261553,0.0061398934937417025,-0.04152695383028108,-0.012803762738437386,-0.02249081763551482,-0.02265939877059634,0.0035266227345965174
1648906848509,2022-04-02 13:40:48,-0.16114790286975716,-0.12655449890270665,-0.15029991612549734,-0.15105850115621128,0.005091130888961039,-0.040714995034756715,-0.015205435134260786,-0.026001628835572003,-0.02615520233291381,0.0030066955036122628
1649943047484,2022-04-14 13:30:47,-0.1780250347705146,-0.12875695732838593,-0.1646273981519538,-0.16466326285498784,0.005591930896965212,-0.037105182459368294,-0.016262657256827247,-0.0285704538253555,-0.02874284196230204,0.003522147611672887
1650375055317,2022-04-19 13:30:55,-0.14359733530717983,-0.12002945508100149,-0.13621479748970824,-0.13666077677742985,0.004090060017395484,-0.026845637583892544,-0.0026315789473684045,-0.016459214189342035,-0.016665664231986965,0.0033457460678486977
1650634851295,2022-04-22 13:40:51,-0.14339058999253174,-0.10379746835443038,-0.12893334361031036,-0.129555173761695,0.005669476643409363,-0.03117505995203836,0.0052945069490403385,-0.009140050855207601,-0.00939422647955088,0.005133044927186536
1650807045250,2022-04-24 13:30:45,-0.13781190019193854,-0.09451219512195122,-0.12835474605096425,-0.12998719425371397,0.006810320032548609,-0.04350852767142364,-0.0028089887640449264,-0.020014738984870436,-0.02039303576734979,0.0037618737263997123
1651239056300,2022-04-29 13:30:56,-0.1560178306092125,-0.1146332473276815,-0.14245245466830941,-0.14367407163479043,0.006458373362914625,-0.04382736701237872,-0.017696160267111852,-0.02898347134063748,-0.02912598809228701,0.0036152308202599764
1651930843010,2022-05-07 13:40:43,-0.19346888478126925,-0.010076335877862672,-0.1138171201474823,-0.11085591509975087,0.03860710593432031,-0.02340005638567804,0.02900930487137383,-0.0071486218714521595,-0.007150038323619467,0.007053386290155748
1652103055120,2022-05-09 13:30:55,-0.18510928961748638,-0.06443113772455092,-0.17097771589068395,-0.1730684265567658,0.013164539022056906,-0.031862745098039276,0.018947368421052664,-0.017292003577306425,-0.01769830986896689,0.005594815177930517
1652362849938,2022-05-12 13:40:49,-0.16468114926419067,-0.10519217801753204,-0.1545509346579487,-0.15512022824228117,0.0068011643922542084,-0.032298136645962795,-0.010163227594702794,-0.023651310886707497,-0.023886779995022544,0.0035096394627770933
